{"r2": 0.08079166814110705, "mae": 65.63991796875, "feature_importance": {"_type": "image-file", "sha256": "0dcb9cb073179ca06e42467fa4689e6f95939e764ebd6de554a75847a2cc3e2f", "size": 37066, "path": "media/images/feature_importance_0_0dcb9cb073179ca06e42.png", "format": "png", "width": 1000, "height": 1000}, "_timestamp": 1722714416.938213, "_runtime": 35.43920421600342, "_step": 0, "_wandb": {"runtime": 35}}