{"r2": 0.09635706804337274, "mae": 67.48504453125, "feature_importance": {"_type": "image-file", "sha256": "0bced5e7b377ab9197095f03df4c6769b9070006dccbf6d242977649d599d730", "size": 33849, "path": "media/images/feature_importance_0_0bced5e7b377ab919709.png", "format": "png", "width": 1000, "height": 1000}, "_timestamp": 1722718844.5985837, "_runtime": 77.57533478736877, "_step": 0, "_wandb": {"runtime": 76}}