{"r2": 0.09698201098055781, "mae": 67.73112031250001, "feature_importance": {"_type": "image-file", "sha256": "e84b31d9e3bc52b3c5b1481461350d11fc3438af4b8b68966a3fb73096cd3b27", "size": 33849, "path": "media/images/feature_importance_0_e84b31d9e3bc52b3c5b1.png", "format": "png", "width": 1000, "height": 1000}, "_timestamp": 1722714258.978404, "_runtime": 38.18971300125122, "_step": 0, "_wandb": {"runtime": 37}}