{"r2": 0.07953537489579976, "mae": 65.63740625, "feature_importance": {"_type": "image-file", "sha256": "a8150505b351567c47a35745f5cb2735ce6e30260edf961ed93f379c6ff53e9d", "size": 37095, "path": "media/images/feature_importance_0_a8150505b351567c47a3.png", "format": "png", "width": 1000, "height": 1000}, "_timestamp": 1722718641.145011, "_runtime": 22.599419832229614, "_step": 0, "_wandb": {"runtime": 22}}