{"r2": 0.11738230381455439, "mae": 57.298777479550104, "feature_importance": {"_type": "image-file", "sha256": "925e1162a05d583546aab46c32d4b7059cffeb301cc27ad4d5dbc5458e2ee5c7", "size": 33337, "path": "media/images/feature_importance_0_925e1162a05d583546aa.png", "format": "png", "width": 1000, "height": 1000}, "_timestamp": 1722728520.9883041, "_runtime": 65.70361518859863, "_step": 0, "_wandb": {"runtime": 65}}